# Starbie  bill of materials,,,,,
,,,,,
,,,,,
,,,,,
,,,,,
,,,,,
,,,,,
Week,Tier,Parts funding,,,
---,---,---,,,
Week 1,Tier 1,$30.00 ,,,
,,,,,
Part,What it's for,Qty,Unit,Total,Vendor
---,---,---,---,---,---
[Seeed Studio XIAO ESP32-C3 module](https://www.seeedstudio.com/Seeed-XIAO-ESP32C3-p-5431.html),microcontroller for the board,1,$4.99 ,$4.99 ,[Seeed Studio](https://www.seeedstudio.com/Seeed-XIAO-ESP32C3-p-5431.html)
"[0.96 OLED Graphic Display 128x64](https://www.displaymodule.com/products/0-96-inch-oled-graphic-display-128x64-with-spi-i2c?srsltid=AU7gw4WKp98ytVA1oOhaWB0nfMuPent3OVpP2OuSZikugHlGM_F7tCuA)""",To show the character,1,$4.90 ,$4.90 ,[Display Module](https://www.displaymodule.com/products/0-96-inch-oled-graphic-display-128x64-with-spi-i2c?srsltid=AU7gw4WKp98ytVA1oOhaWB0nfMuPent3OVpP2OuSZikugHlGM_F7tCuA)
[MPU6050](https://shillehtek.com/products/shillehtek-mpu-6050-module-gy-521-module-unsoldered-version?variant=49993462677791&country=US&currency=USD&utm_medium=product_sync&utm_source=google&utm_content=sag_organic&utm_campaign=sag_organic&srsltid=AU7gw4UDFApXGGc4mW9IoWlnbuhsDa9q_2iqul9DcayT9AMf_jRw1Kqyyio&com_cvv=8fb3d522dc163aeadb66e08cd7450cbbdddc64c6cf2e8891f6d48747c6d56d2c),To detect motion and tilt,1,$6.99 ,$6.99 ,[ShillehTek](https://shillehtek.com/products/shillehtek-mpu-6050-module-gy-521-module-unsoldered-version?variant=49993462677791&country=US&currency=USD&utm_medium=product_sync&utm_source=google&utm_content=sag_organic&utm_campaign=sag_organic&srsltid=AU7gw4UDFApXGGc4mW9IoWlnbuhsDa9q_2iqul9DcayT9AMf_jRw1Kqyyio&com_cvv=8fb3d522dc163aeadb66e08cd7450cbbdddc64c6cf2e8891f6d48747c6d56d2c)
[Cherry MX Silent Red 45g Linear Switch](https://mechanicalkeyboards.com/products/cherry-mx-silent-red-45g-linear?variant=47599148990764&country=US&currency=USD&utm_medium=product_sync&utm_source=google&utm_content=sag_organic&utm_campaign=sag_organic&srsltid=AU7gw4Vd9ESY6KHhieAobfmXO06QK1_H6vWMzNzZpjmaJXYaciMbVPcNUY8),To interact with starbie,2,$0.40 ,$0.80 ,[Mechanical Keyboards](https://mechanicalkeyboards.com/products/cherry-mx-silent-red-45g-linear?variant=47599148990764&country=US&currency=USD&utm_medium=product_sync&utm_source=google&utm_content=sag_organic&utm_campaign=sag_organic&srsltid=AU7gw4Vd9ESY6KHhieAobfmXO06QK1_H6vWMzNzZpjmaJXYaciMbVPcNUY8)
[DHT11 Temperature-Humidity Sensor](https://www.waveshare.com/temperature-humidity-sensor.htm?srsltid=AU7gw4VxOR4DVa1hBcAVBD1NpF69sXrUv8F2tSn4-T5RShFHvcnu-jcIh2s),To check temperature and humidity,1,$3.99 ,$3.99 ,[Waveshare](https://www.waveshare.com/temperature-humidity-sensor.htm?srsltid=AU7gw4VxOR4DVa1hBcAVBD1NpF69sXrUv8F2tSn4-T5RShFHvcnu-jcIh2s)
[10k resistor](https://www.digikey.com/en/products/detail/yageo/CFR-25JB-52-10K/338),pull up resistor for DHT11 sensor,1,$0.20 ,$0.20 ,[Digikey](https://www.digikey.com/en/products/detail/yageo/CFR-25JB-52-10K/338)
**Parts subtotal**,,,,$21.87 ,
**Tax & shipping**,,,,$0.00 ,
**Total**,,,,$21.87 ,
